featureIdInt,featureIdName,name,preferenceKey,target,phase,installer,installHook,enableCondition,allowedProcess,deniedProcess
1,temp_hide_overlay_app,Temp Hide Overlay App,system_screenshot_overlay,SYSTEM_SERVER,SYSTEM_SERVER_STARTING,SystemServerFeatures,SystemWindowHooks.TempHideOverlayAppHook(lpparam),"prefs.getBoolean(""system_screenshot_overlay"")",system_server,
2,open_app_in_free_form,Open App In Free Form,system_notify_openinfw,SYSTEM_SERVER,SYSTEM_SERVER_STARTING,SystemServerFeatures,SystemWindowHooks.OpenAppInFreeFormHook(lpparam),"prefs.getBoolean(""system_notify_openinfw"") || prefs.getBoolean(""system_fw_forcein_actionsend"") || prefs.getBoolean(""system_betterpopups_allowfloat"") || prefs.getBoolean(""system_cc_freeform_when_longclick"")",system_server,
3,nav_bar_actions,Nav Bar Actions,controls_backlong_action,SYSTEM_SERVER,SYSTEM_SERVER_STARTING,SystemServerFeatures,Controls.NavBarActionsHook(lpparam),"prefs.getInt(""controls_backlong_action"", 1) > 1 || prefs.getInt(""controls_homelong_action"", 1) > 1 || prefs.getInt(""controls_menulong_action"", 1) > 1",system_server,
4,power_double_tap_action,Power Double Tap Action,controls_powerdt_action,SYSTEM_SERVER,SYSTEM_SERVER_STARTING,SystemServerFeatures,Controls.PowerDoubleTapActionHook(lpparam),"prefs.getInt(""controls_powerdt_action"", 1) > 1 || prefs.getBoolean(""controls_volumedowndt_torch"")",system_server,
5,screen_anim,Screen Anim,system_screenanim_duration,SYSTEM_SERVER,SYSTEM_SERVER_STARTING,SystemServerFeatures,SystemDisplayHooks.ScreenAnimHook(lpparam),"prefs.getInt(""system_screenanim_duration"", 0) > 0",system_server,
6,app_lock_timeout,App Lock Timeout,system_applock_timeout,SYSTEM_SERVER,SYSTEM_SERVER_STARTING,SystemServerFeatures,SystemLockScreenHooks.AppLockTimeoutHook(lpparam),"prefs.getInt(""system_applock_timeout"", 1) > 1",system_server,
7,screen_dim_time,Screen Dim Time,system_dimtime,SYSTEM_SERVER,SYSTEM_SERVER_STARTING,SystemServerFeatures,SystemDisplayHooks.ScreenDimTimeHook(lpparam),"prefs.getInt(""system_dimtime"", 0) > 0",system_server,
8,toast_time,Toast Time,system_toasttime,SYSTEM_SERVER,SYSTEM_SERVER_STARTING,SystemServerFeatures,ModsSystem.ToastTimeHook(lpparam),"prefs.getInt(""system_toasttime"", 0) > 0",system_server,
9,remove_secure,Remove Secure,system_removesecure,SYSTEM_SERVER,SYSTEM_SERVER_STARTING,SystemServerFeatures,SystemSecurityHooks.RemoveSecureHook(lpparam),"prefs.getBoolean(""system_removesecure"")",system_server,
10,remove_act_start_confirm,Remove Act Start Confirm,system_remove_startactconfirm,SYSTEM_SERVER,SYSTEM_SERVER_STARTING,SystemServerFeatures,SystemSecurityHooks.RemoveActStartConfirmHook(lpparam),"prefs.getBoolean(""system_remove_startactconfirm"")",system_server,
11,enhanced_security,Enhanced Security,system_securelock,SYSTEM_SERVER,SYSTEM_SERVER_STARTING,SystemServerFeatures,SystemLockScreenHooks.EnhancedSecurityHook(lpparam),"prefs.getBoolean(""system_securelock"")",system_server,
12,no_version_check,No Version Check,system_downgrade,SYSTEM_SERVER,SYSTEM_SERVER_STARTING,SystemServerFeatures,SystemSecurityHooks.NoVersionCheckHook(lpparam),"prefs.getBoolean(""system_downgrade"")",system_server,
13,orientation_lock,Orientation Lock,system_orientationlock,SYSTEM_SERVER,SYSTEM_SERVER_STARTING,SystemServerFeatures,SystemWindowHooks.OrientationLockHook(lpparam),"prefs.getBoolean(""system_orientationlock"")",system_server,
14,no_ducking,No Ducking,system_noducking,SYSTEM_SERVER,SYSTEM_SERVER_STARTING,SystemServerFeatures,SystemAudioHooks.NoDuckingHook(lpparam),"prefs.getBoolean(""system_noducking"")",system_server,
15,clean_share_menu_service,Clean Share Menu Service,system_cleanshare,SYSTEM_SERVER,SYSTEM_SERVER_STARTING,SystemServerFeatures,SystemShareMenuHooks.CleanShareMenuServiceHook(lpparam),"prefs.getBoolean(""system_cleanshare"")",system_server,
16,clean_open_with_menu_service,Clean Open With Menu Service,system_cleanopenwith,SYSTEM_SERVER,SYSTEM_SERVER_STARTING,SystemServerFeatures,SystemShareMenuHooks.CleanOpenWithMenuServiceHook(lpparam),"prefs.getBoolean(""system_cleanopenwith"")",system_server,
17,auto_brightness_range,Auto Brightness Range,system_autobrightness,SYSTEM_SERVER,SYSTEM_SERVER_STARTING,SystemServerFeatures,SystemDisplayHooks.AutoBrightnessRangeHook(lpparam),"prefs.getBoolean(""system_autobrightness"")",system_server,
18,auto_brightness_after_screen_off,Auto Brightness After Screen Off,system_autobrightness_reset_when_screenoff,SYSTEM_SERVER,SYSTEM_SERVER_STARTING,SystemServerFeatures,SystemDisplayHooks.AutoBrightnessAfterScreenOffHook(lpparam),"prefs.getBoolean(""system_autobrightness_reset_when_screenoff"")",system_server,
19,disable72h_strong_auth,Disable72h Strong Auth,system_lockscreen_disable_strongauth_72h,SYSTEM_SERVER,SYSTEM_SERVER_STARTING,SystemServerFeatures,SystemLockScreenHooks.Disable72hStrongAuthHook(lpparam),"prefs.getBoolean(""system_lockscreen_disable_strongauth_72h"")",system_server,
20,app_lock,App Lock,system_applock,SYSTEM_SERVER,SYSTEM_SERVER_STARTING,SystemServerFeatures,SystemLockScreenHooks.AppLockHook(lpparam),"prefs.getBoolean(""system_applock"")",system_server,
21,skip_app_lock,Skip App Lock,system_applock_skip,SYSTEM_SERVER,SYSTEM_SERVER_STARTING,SystemServerFeatures,SystemLockScreenHooks.SkipAppLockHook(lpparam),"prefs.getBoolean(""system_applock_skip"")",system_server,
22,alarm_compat_service,Alarm Compat Service,various_alarmcompat,SYSTEM_SERVER,SYSTEM_SERVER_STARTING,SystemServerFeatures,Various.AlarmCompatServiceHook(lpparam),"prefs.getBoolean(""various_alarmcompat"")",system_server,
23,no_call_interruption,No Call Interruption,system_ignorecalls,SYSTEM_SERVER,SYSTEM_SERVER_STARTING,SystemServerFeatures,SystemAudioHooks.NoCallInterruptionHook(lpparam),"prefs.getBoolean(""system_ignorecalls"")",system_server,
24,force_close,Force Close,system_forceclose,SYSTEM_SERVER,SYSTEM_SERVER_STARTING,SystemServerFeatures,ModsSystem.ForceCloseHook(lpparam),"prefs.getBoolean(""system_forceclose"")",system_server,
25,hide_proximity_warning,Hide Proximity Warning,system_hideproxywarn,SYSTEM_SERVER,SYSTEM_SERVER_STARTING,SystemServerFeatures,ModsSystem.HideProximityWarningHook(lpparam),"prefs.getBoolean(""system_hideproxywarn"")",system_server,
26,first_volume_press,First Volume Press,system_firstpress,SYSTEM_SERVER,SYSTEM_SERVER_STARTING,SystemServerFeatures,SystemAudioHooks.FirstVolumePressHook(lpparam),"prefs.getBoolean(""system_firstpress"")",system_server,
27,no_signature_verify_service,No Signature Verify Service,system_apksign,SYSTEM_SERVER,SYSTEM_SERVER_STARTING,SystemServerFeatures,SystemSecurityHooks.NoSignatureVerifyServiceHook(lpparam),"prefs.getBoolean(""system_apksign"")",system_server,
28,disable_system_integrity,Disable System Integrity,system_disableintegrity,SYSTEM_SERVER,SYSTEM_SERVER_STARTING,SystemServerFeatures,SystemSecurityHooks.DisableSystemIntegrityHook(lpparam),"prefs.getBoolean(""system_disableintegrity"")",system_server,
29,muffled_vibration,Muffled Vibration,system_vibration_amp,SYSTEM_SERVER,SYSTEM_SERVER_STARTING,SystemServerFeatures,SystemAudioHooks.MuffledVibrationHook(lpparam),"prefs.getBoolean(""system_vibration_amp"")",system_server,
30,clear_all_tasks,Clear All Tasks,system_clearalltasks,SYSTEM_SERVER,SYSTEM_SERVER_STARTING,SystemServerFeatures,ModsSystem.ClearAllTasksHook(lpparam),"prefs.getBoolean(""system_clearalltasks"")",system_server,
31,force_dark_all_apps,Force Dark All Apps,system_force_darken_allapps,SYSTEM_SERVER,SYSTEM_SERVER_STARTING,SystemServerFeatures,SystemDisplayHooks.ForceDarkAllAppsHook(lpparam),"prefs.getBoolean(""system_force_darken_allapps"")",system_server,
32,set_lockscreen_wallpaper,Set Lockscreen Wallpaper,system_lswallpaper,SYSTEM_SERVER,SYSTEM_SERVER_STARTING,SystemServerFeatures,SystemLockScreenHooks.SetLockscreenWallpaperHook(lpparam),"prefs.getBoolean(""system_lswallpaper"")",system_server,
33,power_key,Power Key,controls_powerflash,SYSTEM_SERVER,SYSTEM_SERVER_STARTING,SystemServerFeatures,Controls.PowerKeyHook(lpparam),"prefs.getBoolean(""controls_powerflash"")",system_server,
34,fingerprint_haptic_failure,Fingerprint Haptic Failure,controls_fingerprintfailure,SYSTEM_SERVER,SYSTEM_SERVER_STARTING,SystemServerFeatures,Controls.FingerprintHapticFailureHook(lpparam),"prefs.getBoolean(""controls_fingerprintfailure"")",system_server,
35,fingerprint_screen_on,Fingerprint Screen On,controls_fingerprintscreen,SYSTEM_SERVER,SYSTEM_SERVER_STARTING,SystemServerFeatures,Controls.FingerprintScreenOnHook(lpparam),"prefs.getBoolean(""controls_fingerprintscreen"")",system_server,
36,no_fingerprint_wake,No Fingerprint Wake,controls_fingerprintwake,SYSTEM_SERVER,SYSTEM_SERVER_STARTING,SystemServerFeatures,Controls.NoFingerprintWakeHook(lpparam),"prefs.getBoolean(""controls_fingerprintwake"")",system_server,
37,apps_disable_service,Apps Disable Service,various_disableapp,SYSTEM_SERVER,SYSTEM_SERVER_STARTING,SystemServerFeatures,Various.AppsDisableServiceHook(lpparam),"prefs.getBoolean(""various_disableapp"")",system_server,
38,disable_any_notification_block,Disable Any Notification Block,system_disableanynotif,SYSTEM_SERVER,SYSTEM_SERVER_STARTING,SystemServerFeatures,SystemNotificationHooks.DisableAnyNotificationBlockHook(lpparam),"prefs.getBoolean(""system_disableanynotif"")",system_server,
39,all_rotations,All Rotations,system_allrotations2,SYSTEM_SERVER,SYSTEM_SERVER_STARTING,SystemServerFeatures,SystemWindowHooks.AllRotationsHook(lpparam),"prefs.getStringAsInt(""system_allrotations2"", 1) > 1",system_server,
40,no_light_up_on_charge,No Light Up On Charge,system_nolightuponcharges,SYSTEM_SERVER,SYSTEM_SERVER_STARTING,SystemServerFeatures,SystemDisplayHooks.NoLightUpOnChargeHook(lpparam),"prefs.getStringAsInt(""system_nolightuponcharges"", 1) == 2",system_server,
41,selective_vibration,Selective Vibration,system_vibration,SYSTEM_SERVER,SYSTEM_SERVER_STARTING,SystemServerFeatures,SystemAudioHooks.SelectiveVibrationHook(lpparam),"prefs.getStringAsInt(""system_vibration"", 1) > 1",system_server,
42,selective_toasts,Selective Toasts,system_blocktoasts,SYSTEM_SERVER,SYSTEM_SERVER_STARTING,SystemServerFeatures,ModsSystem.SelectiveToastsHook(lpparam),"prefs.getStringAsInt(""system_blocktoasts"", 1) > 1",system_server,
43,fingerprint_haptic_success,Fingerprint Haptic Success,controls_fingerprintsuccess,SYSTEM_SERVER,SYSTEM_SERVER_STARTING,SystemServerFeatures,Controls.FingerprintHapticSuccessHook(lpparam),"prefs.getStringAsInt(""controls_fingerprintsuccess"", 1) > 1",system_server,
44,volume_media_buttons,Volume Media Buttons,controls_volumemedia_up,SYSTEM_SERVER,SYSTEM_SERVER_STARTING,SystemServerFeatures,Controls.VolumeMediaButtonsHook(lpparam),"prefs.getStringAsInt(""controls_volumemedia_up"", 0) > 0 || prefs.getStringAsInt(""controls_volumemedia_down"", 0) > 0",system_server,
45,multi_window_plus,Multi Window Plus,system_fw_splitscreen,SYSTEM_SERVER,SYSTEM_SERVER_STARTING,SystemServerFeatures,SystemWindowHooks.MultiWindowPlusHook(lpparam),"prefs.getBoolean(""system_fw_splitscreen"")",system_server,
46,no_floating_window_blacklist,No Floating Window Blacklist,system_fw_noblacklist,SYSTEM_SERVER,SYSTEM_SERVER_STARTING,SystemServerFeatures,SystemWindowHooks.NoFloatingWindowBlacklistHook(lpparam),"prefs.getBoolean(""system_fw_noblacklist"")",system_server,
47,no_access_device_logs_request,No Access Device Logs Request,various_disable_access_devicelogs,SYSTEM_SERVER,SYSTEM_SERVER_STARTING,SystemServerFeatures,SystemSecurityHooks.NoAccessDeviceLogsRequest(lpparam),"prefs.getBoolean(""various_disable_access_devicelogs"")",system_server,
48,wallpaper_scale_level,Wallpaper Scale Level,system_other_wallpaper_scale,SYSTEM_SERVER,SYSTEM_SERVER_STARTING,SystemServerFeatures,SystemDisplayHooks.WallpaperScaleLevelHook(lpparam),"prefs.getInt(""system_other_wallpaper_scale"", 6) > 6",system_server,
49,allow_untrusted_touch,Allow Untrusted Touch,various_allow_untrusted_touch,SYSTEM_SERVER,SYSTEM_SERVER_STARTING,SystemServerFeatures,SystemWindowHooks.AllowUntrustedTouchHook(lpparam),"prefs.getBoolean(""various_allow_untrusted_touch"")",system_server,
50,foreground_monitor,Foreground Monitor,various_showcallui,SYSTEM_UI,PACKAGE_READY,SystemUiFeatures,GlobalActions.setupForegroundMonitor(lpparam),"prefs.getStringAsInt(""various_showcallui"", 0) > 0 || prefs.getBoolean(""controls_volumecursor"")",com.android.systemui,miui.systemui.plugin (ClassLoader extracted at runtime)
51,temp_hide_overlay_system_ui,Temp Hide Overlay System UI,system_screenshot_overlay,SYSTEM_UI,PACKAGE_READY,SystemUiFeatures,SystemUIScreenshotHooks.TempHideOverlaySystemUIHook(lpparam),"prefs.getBoolean(""system_screenshot_overlay"")",com.android.systemui,miui.systemui.plugin (ClassLoader extracted at runtime)
52,add_custom_tile,Add Custom Tile,system_fivegtile,SYSTEM_UI,PACKAGE_READY,SystemUiFeatures,SystemUIControlCenterHooks.AddCustomTileHook(lpparam),"prefs.getBoolean(""system_fivegtile"") || prefs.getBoolean(""system_cc_fpstile"") || prefs.getBoolean(""system_cc_floatingtimetile"")",com.android.systemui,miui.systemui.plugin (ClassLoader extracted at runtime)
53,hide_status_bar_when_capture,Hide Status Bar When Capture,system_hidestatusbar_whenscreenshot,SYSTEM_UI,PACKAGE_READY,SystemUiFeatures,SystemUIScreenshotHooks.HideStatusBarWhenCaptureHook(lpparam),"prefs.getBoolean(""system_hidestatusbar_whenscreenshot"")",com.android.systemui,miui.systemui.plugin (ClassLoader extracted at runtime)
54,network_indicator_wifi,Network Indicator WiFi,system_networkindicator_wifi,SYSTEM_UI,PACKAGE_READY,SystemUiFeatures,ModsSystem.NetworkIndicatorWifi(lpparam),"prefs.getBoolean(""system_networkindicator_wifi"")",com.android.systemui,miui.systemui.plugin (ClassLoader extracted at runtime)
55,drawer_blur_ratio,Drawer Blur Ratio,system_drawer_blur,SYSTEM_UI,PACKAGE_READY,SystemUiFeatures,SystemDisplayHooks.DrawerBlurRatioHook(lpparam),"prefs.getInt(""system_drawer_blur"", 100) < 100",com.android.systemui,miui.systemui.plugin (ClassLoader extracted at runtime)
56,charge_animation,Charge Animation,system_chargeanimtime,SYSTEM_UI,PACKAGE_READY,SystemUiFeatures,SystemDisplayHooks.ChargeAnimationHook(lpparam),"prefs.getInt(""system_chargeanimtime"", 20) < 20",com.android.systemui,miui.systemui.plugin (ClassLoader extracted at runtime)
57,betterpopups_hide_delay,Better Popups Hide Delay,system_betterpopups_delay,SYSTEM_UI,PACKAGE_READY,SystemUiFeatures,SystemNotificationHooks.BetterPopupsHideDelayHook(lpparam),"prefs.getInt(""system_betterpopups_delay"", 0) > 0 && !prefs.getBoolean(""system_betterpopups_nohide"")",com.android.systemui,miui.systemui.plugin (ClassLoader extracted at runtime)
58,assist_gesture_action,Assist Gesture Action,controls_fsg_assist_left_action,SYSTEM_UI,PACKAGE_READY,SystemUiFeatures,Controls.AssistGestureActionHook(lpparam),"prefs.getInt(""controls_fsg_assist_left_action"", 1) > 1 || prefs.getInt(""controls_fsg_assist_right_action"", 1) > 1",com.android.systemui,miui.systemui.plugin (ClassLoader extracted at runtime)
59,nav_bar_buttons,Nav Bar Buttons,controls_navbarleft_action,SYSTEM_UI,PACKAGE_READY,SystemUiFeatures,Controls.NavBarButtonsHook(lpparam),"prefs.getInt(""controls_navbarleft_action"", 1) > 1 ||",com.android.systemui,miui.systemui.plugin (ClassLoader extracted at runtime)
60,scramble_pin,Scramble PIN,system_scramblepin,SYSTEM_UI,PACKAGE_READY,SystemUiFeatures,SystemLockScreenHooks.ScramblePINHook(lpparam),"prefs.getBoolean(""system_scramblepin"")",com.android.systemui,miui.systemui.plugin (ClassLoader extracted at runtime)
61,double_tap_to_sleep,Double Tap To Sleep,system_dttosleep,SYSTEM_UI,PACKAGE_READY,SystemUiFeatures,SystemLockScreenHooks.DoubleTapToSleepHook(lpparam),"prefs.getBoolean(""system_dttosleep"")",com.android.systemui,miui.systemui.plugin (ClassLoader extracted at runtime)
62,status_bar_clock_tweak,Status Bar Clock Tweak,system_statusbar_clocktweak,SYSTEM_UI,PACKAGE_READY,SystemUiFeatures,SystemClockHooks.StatusBarClockTweakHook(lpparam),"prefs.getBoolean(""system_statusbar_clocktweak"") ||",com.android.systemui,miui.systemui.plugin (ClassLoader extracted at runtime)
63,cc_clock_tweak,CC Clock Tweak,system_cc_clocktweak,SYSTEM_UI,PACKAGE_READY,SystemUiFeatures,SystemClockHooks.CCClockTweakHook(lpparam),"prefs.getBoolean(""system_cc_clocktweak"") || prefs.getBoolean(""system_qs_force_systemfonts"")",com.android.systemui,miui.systemui.plugin (ClassLoader extracted at runtime)
64,disable_fake_clock_anim,Disable Fake Clock Anim,system_qs_disable_fakeclock_anim,SYSTEM_UI,PACKAGE_READY,SystemUiFeatures,SystemUIStatusBarHooks.DisableFakeClockAnimHook(lpparam),"prefs.getBoolean(""system_qs_disable_fakeclock_anim"")",com.android.systemui,miui.systemui.plugin (ClassLoader extracted at runtime)
65,cc_clock_center_align,CC Clock Center Align,system_cc_clock_centeralign,SYSTEM_UI,PACKAGE_READY,SystemUiFeatures,SystemClockHooks.CCClockCenterAlignHook(lpparam),"prefs.getBoolean(""system_cc_clock_centeralign"") ||",com.android.systemui,miui.systemui.plugin (ClassLoader extracted at runtime)
66,no_screen_lock,No Screen Lock,system_noscreenlock_act,SYSTEM_UI,PACKAGE_READY,SystemUiFeatures,SystemLockScreenHooks.NoScreenLockHook(lpparam),"prefs.getBoolean(""system_noscreenlock_act"")",com.android.systemui,miui.systemui.plugin (ClassLoader extracted at runtime)
67,lock_screen_album_art,Lock Screen Album Art,system_albumartonlock,SYSTEM_UI,PACKAGE_READY,SystemUiFeatures,SystemUILockScreenHooks.LockScreenAlbumArtHook(lpparam),"prefs.getBoolean(""system_albumartonlock"")",com.android.systemui,miui.systemui.plugin (ClassLoader extracted at runtime)
68,expand_heads_up,Expand Heads Up,system_expandheadups,SYSTEM_UI,PACKAGE_READY,SystemUiFeatures,SystemNotificationHooks.ExpandHeadsUpHook(lpparam),"prefs.getStringAsInt(""system_expandheadups"", 1) > 1",com.android.systemui,miui.systemui.plugin (ClassLoader extracted at runtime)
69,betterpopups_no_hide,Better Popups No Hide,system_betterpopups_nohide,SYSTEM_UI,PACKAGE_READY,SystemUiFeatures,SystemNotificationHooks.BetterPopupsNoHideHook(lpparam),"prefs.getBoolean(""system_betterpopups_nohide"")",com.android.systemui,miui.systemui.plugin (ClassLoader extracted at runtime)
70,betterpopups_centered,Better Popups Centered,system_betterpopups_center,SYSTEM_UI,PACKAGE_READY,SystemUiFeatures,SystemNotificationHooks.BetterPopupsCenteredHook(lpparam),"prefs.getBoolean(""system_betterpopups_center"")",com.android.systemui,miui.systemui.plugin (ClassLoader extracted at runtime)
71,show_notifications_after_unlock,Show Notifications After Unlock,system_notifafterunlock,SYSTEM_UI,PACKAGE_READY,SystemUiFeatures,SystemLockScreenHooks.ShowNotificationsAfterUnlockHook(lpparam),"prefs.getBoolean(""system_notifafterunlock"")",com.android.systemui,miui.systemui.plugin (ClassLoader extracted at runtime)
72,notification_row_menu,Notification Row Menu,system_notifrowmenu,SYSTEM_UI,PACKAGE_READY,SystemUiFeatures,SystemNotificationHooks.NotificationRowMenuHook(lpparam),"prefs.getBoolean(""system_notifrowmenu"")",com.android.systemui,miui.systemui.plugin (ClassLoader extracted at runtime)
73,hide_dismiss_view,Hide Dismiss View,system_removedismiss,SYSTEM_UI,PACKAGE_READY,SystemUiFeatures,SystemUINotificationHooks.HideDismissViewHook(lpparam),"prefs.getBoolean(""system_removedismiss"")",com.android.systemui,miui.systemui.plugin (ClassLoader extracted at runtime)
74,hide_notification_access_icon,Hide Notification Access Icon,system_drawer_removeshortcut,SYSTEM_UI,PACKAGE_READY,SystemUiFeatures,SystemUINotificationHooks.HideNoficationAccessIconHook(lpparam),"prefs.getBoolean(""system_drawer_removeshortcut"")",com.android.systemui,miui.systemui.plugin (ClassLoader extracted at runtime)
75,hide_no_notifications,Hide No Notifications,system_drawer_remove_emptynotify,SYSTEM_UI,PACKAGE_READY,SystemUiFeatures,SystemUINotificationHooks.HideNoNotificationsHook(lpparam),"prefs.getBoolean(""system_drawer_remove_emptynotify"")",com.android.systemui,miui.systemui.plugin (ClassLoader extracted at runtime)
76,hide_nav_bar,Hide Nav Bar,controls_nonavbar,SYSTEM_UI,PACKAGE_READY,SystemUiFeatures,Controls.HideNavBarHook(lpparam),"prefs.getBoolean(""controls_nonavbar"")",com.android.systemui,miui.systemui.plugin (ClassLoader extracted at runtime)
77,hide_nav_bar_before_screenshot,Hide Nav Bar Before Screenshot,controls_hidenavbar_whenscreenshot,SYSTEM_UI,PACKAGE_READY,SystemUiFeatures,SystemUIScreenshotHooks.HideNavBarBeforeScreenshotHook(lpparam),"!prefs.getBoolean(""controls_nonavbar"") && prefs.getBoolean(""controls_hidenavbar_whenscreenshot"")",com.android.systemui,miui.systemui.plugin (ClassLoader extracted at runtime)
78,audio_visualizer,Audio Visualizer,system_visualizer,SYSTEM_UI,PACKAGE_READY,SystemUiFeatures,SystemAudioHooks.AudioVisualizerHook(lpparam),"prefs.getBoolean(""system_visualizer"")",com.android.systemui,miui.systemui.plugin (ClassLoader extracted at runtime)
79,control_center_plugin,Control Center Plugin,null,SYSTEM_UI,PACKAGE_READY,SystemUiFeatures,SystemUIControlCenterHooks.ControlCenterPluginHook(lpparam),SystemUIControlCenterHooks.hasControlCenterModifications(),com.android.systemui,miui.systemui.plugin (ClassLoader extracted at runtime)
80,battery_indicator,Battery Indicator,system_batteryindicator,SYSTEM_UI,PACKAGE_READY,SystemUiFeatures,SystemUIStatusBarHooks.BatteryIndicatorHook(lpparam),"prefs.getBoolean(""system_batteryindicator"")",com.android.systemui,miui.systemui.plugin (ClassLoader extracted at runtime)
81,disable_any_notification,Disable Any Notification,system_disableanynotif,SYSTEM_UI,PACKAGE_READY,SystemUiFeatures,SystemNotificationHooks.DisableAnyNotificationHook(lpparam),"prefs.getBoolean(""system_disableanynotif"")",com.android.systemui,miui.systemui.plugin (ClassLoader extracted at runtime)
82,lock_screen_shortcut,Lock Screen Shortcut,system_lockscreenshortcuts,SYSTEM_UI,PACKAGE_READY,SystemUiFeatures,SystemUILockScreenHooks.LockScreenShortcutHook(lpparam),"prefs.getBoolean(""system_lockscreenshortcuts"")",com.android.systemui,miui.systemui.plugin (ClassLoader extracted at runtime)
83,mobile_network_type,Mobile Network Type,system_4gtolte,SYSTEM_UI,PACKAGE_READY,SystemUiFeatures,SystemUIStatusBarHooks.MobileNetworkTypeHook(lpparam),"prefs.getBoolean(""system_4gtolte"") ||",com.android.systemui,miui.systemui.plugin (ClassLoader extracted at runtime)
84,status_bar_icons_position_adjust,Status Bar Icons Position Adjust,system_statusbar_alarm_atright,SYSTEM_UI,PACKAGE_READY,SystemUiFeatures,"SystemUIStatusBarHooks.StatusBarIconsPositionAdjustHook(lpparam, computeStatusBarIconsAdjust(mPrefs).second)",computeStatusBarIconsAdjust(prefs).first,com.android.systemui,miui.systemui.plugin (ClassLoader extracted at runtime)
85,monitor_device_info,Monitor Device Info,system_statusbar_batterytempandcurrent,SYSTEM_UI,PACKAGE_READY,SystemUiFeatures,"SystemUIStatusBarHooks.MonitorDeviceInfoHook(lpparam, mPrefs)","prefs.getBoolean(""system_statusbar_batterytempandcurrent"") ||",com.android.systemui,miui.systemui.plugin (ClassLoader extracted at runtime)
86,status_bar_clock_position,Status Bar Clock Position,system_statusbar_clock_position,SYSTEM_UI,PACKAGE_READY,SystemUiFeatures,SystemUIStatusBarHooks.StatusBarClockPositionHook(lpparam),"prefs.getStringAsInt(""system_statusbar_clock_position"", 1) > 1 &&",com.android.systemui,miui.systemui.plugin (ClassLoader extracted at runtime)
87,status_bar_style_battery_icon,Status Bar Style Battery Icon,system_statusbar_batterystyle,SYSTEM_UI,PACKAGE_READY,SystemUiFeatures,SystemUIStatusBarHooks.StatusBarStyleBatteryIconHook(lpparam),"prefs.getBoolean(""system_statusbar_batterystyle"")",com.android.systemui,miui.systemui.plugin (ClassLoader extracted at runtime)
88,lock_screen_top_margin,Lock Screen Top Margin,system_statusbar_topmargin,SYSTEM_UI,PACKAGE_READY,SystemUiFeatures,SystemUILockScreenHooks.LockScreenTopMarginHook(lpparam),"prefs.getBoolean(""system_statusbar_topmargin"") &&",com.android.systemui,miui.systemui.plugin (ClassLoader extracted at runtime)
89,horiz_margin,Horiz Margin,system_statusbar_horizmargin,SYSTEM_UI,PACKAGE_READY,SystemUiFeatures,SystemUIStatusBarHooks.HorizMarginHook(lpparam),"prefs.getBoolean(""system_statusbar_horizmargin"")",com.android.systemui,miui.systemui.plugin (ClassLoader extracted at runtime)
90,brightness_pct,Brightness Pct,system_showpct,SYSTEM_UI,PACKAGE_READY,SystemUiFeatures,SystemUIControlCenterHooks.BrightnessPctHook(lpparam),"prefs.getBoolean(""system_showpct"")",com.android.systemui,miui.systemui.plugin (ClassLoader extracted at runtime)
91,hide_lock_screen_status_bar,Hide Lock Screen Status Bar,system_hidelsstatusbar,SYSTEM_UI,PACKAGE_READY,SystemUiFeatures,SystemLockScreenHooks.HideLockScreenStatusBarHook(lpparam),"prefs.getBoolean(""system_hidelsstatusbar"")",com.android.systemui,miui.systemui.plugin (ClassLoader extracted at runtime)
92,hide_lock_screen_clock,Hide Lock Screen Clock,system_hidelsclock,SYSTEM_UI,PACKAGE_READY,SystemUiFeatures,SystemLockScreenHooks.HideLockScreenClockHook(lpparam),"prefs.getBoolean(""system_hidelsclock"")",com.android.systemui,miui.systemui.plugin (ClassLoader extracted at runtime)
93,force_clock_use_system_fonts,Force Clock Use System Fonts,system_ls_force_systemfonts,SYSTEM_UI,PACKAGE_READY,SystemUiFeatures,SystemUIStatusBarHooks.ForceClockUseSystemFontsHook(lpparam),"prefs.getBoolean(""system_ls_force_systemfonts"")",com.android.systemui,miui.systemui.plugin (ClassLoader extracted at runtime)
94,hide_lock_screen_hint,Hide Lock Screen Hint,system_hidelshint,SYSTEM_UI,PACKAGE_READY,SystemUiFeatures,SystemLockScreenHooks.HideLockScreenHintHook(lpparam),"prefs.getBoolean(""system_hidelshint"")",com.android.systemui,miui.systemui.plugin (ClassLoader extracted at runtime)
95,allow_all_keyguard,Allow All Keyguard,system_allownotifonkeyguard,SYSTEM_UI,PACKAGE_READY,SystemUiFeatures,SystemLockScreenHooks.AllowAllKeyguardHook(lpparam),"prefs.getBoolean(""system_allownotifonkeyguard"")",com.android.systemui,miui.systemui.plugin (ClassLoader extracted at runtime)
96,allow_all_float,Allow All Float,system_allownotiffloat,SYSTEM_UI,PACKAGE_READY,SystemUiFeatures,SystemWindowHooks.AllowAllFloatHook(lpparam),"prefs.getBoolean(""system_allownotiffloat"")",com.android.systemui,miui.systemui.plugin (ClassLoader extracted at runtime)
97,lock_screen_alarm,Lock Screen Alarm,system_lsalarm,SYSTEM_UI,PACKAGE_READY,SystemUiFeatures,SystemLockScreenHooks.LockScreenAlarmHook(lpparam),"prefs.getBoolean(""system_lsalarm"")",com.android.systemui,miui.systemui.plugin (ClassLoader extracted at runtime)
98,status_bar_gestures,Status Bar Gestures,system_statusbarcontrols,SYSTEM_UI,PACKAGE_READY,SystemUiFeatures,SystemUIControlCenterHooks.StatusBarGesturesHook(lpparam),"prefs.getBoolean(""system_statusbarcontrols"")",com.android.systemui,miui.systemui.plugin (ClassLoader extracted at runtime)
99,net_speed_interval,Net Speed Interval,system_netspeedinterval,SYSTEM_UI,PACKAGE_READY,SystemUiFeatures,SystemUIStatusBarHooks.NetSpeedIntervalHook(lpparam),"prefs.getInt(""system_netspeedinterval"", 4) != 4",com.android.systemui,miui.systemui.plugin (ClassLoader extracted at runtime)
100,detailed_net_speed,Detailed Net Speed,system_detailednetspeed_style,SYSTEM_UI,PACKAGE_READY,SystemUiFeatures,SystemUIStatusBarHooks.DetailedNetSpeedHook(lpparam),"prefs.getStringAsInt(""system_detailednetspeed_style"", 1) > 1",com.android.systemui,miui.systemui.plugin (ClassLoader extracted at runtime)
101,net_speed_style,Net Speed Style,system_detailednetspeed_style,SYSTEM_UI,PACKAGE_READY,SystemUiFeatures,SystemUIStatusBarHooks.NetSpeedStyleHook(lpparam),"prefs.getStringAsInt(""system_detailednetspeed_style"", 1) > 1 ||",com.android.systemui,miui.systemui.plugin (ClassLoader extracted at runtime)
102,tap_to_unlock,Tap To Unlock,system_taptounlock,SYSTEM_UI,PACKAGE_READY,SystemUiFeatures,SystemLockScreenHooks.TapToUnlockHook(lpparam),"prefs.getBoolean(""system_taptounlock"")",com.android.systemui,miui.systemui.plugin (ClassLoader extracted at runtime)
103,no_sos,No SOS,system_nosos,SYSTEM_UI,PACKAGE_READY,SystemUiFeatures,SystemLockScreenHooks.NoSOSHook(lpparam),"prefs.getBoolean(""system_nosos"")",com.android.systemui,miui.systemui.plugin (ClassLoader extracted at runtime)
104,remove_package_notifications_limit,Remove Package Notifications Limit,system_morenotif,SYSTEM_UI,PACKAGE_READY,SystemUiFeatures,SystemUINotificationHooks.RemovePackageNotificationsLimitHook(lpparam),"prefs.getBoolean(""system_morenotif"")",com.android.systemui,miui.systemui.plugin (ClassLoader extracted at runtime)
105,disable_fold_notifications,Disable Fold Notifications,system_notif_disable_fold,SYSTEM_UI,PACKAGE_READY,SystemUiFeatures,SystemUINotificationHooks.DisableFoldNotificationsHook(lpparam),"prefs.getBoolean(""system_notif_disable_fold"")",com.android.systemui,miui.systemui.plugin (ClassLoader extracted at runtime)
107,charging_info,Charging Info,system_charginginfo,SYSTEM_UI,PACKAGE_READY,SystemUiFeatures,(default base install),"prefs.getBoolean(""system_charginginfo"")",com.android.systemui,miui.systemui.plugin (ClassLoader extracted at runtime)
108,secure_qs_tiles,Secure QS Tiles,system_secureqs,SYSTEM_UI,PACKAGE_READY,SystemUiFeatures,SystemUIControlCenterHooks.SecureQSTilesHook(lpparam),"prefs.getBoolean(""system_secureqs"")",com.android.systemui,miui.systemui.plugin (ClassLoader extracted at runtime)
109,mute_visible_notifications,Mute Visible Notifications,system_mutevisiblenotif,SYSTEM_UI,PACKAGE_READY,SystemUiFeatures,SystemNotificationHooks.MuteVisibleNotificationsHook(lpparam),"prefs.getBoolean(""system_mutevisiblenotif"")",com.android.systemui,miui.systemui.plugin (ClassLoader extracted at runtime)
110,hide_icons_battery1,Hide Icons Battery1,system_statusbaricons_battery1,SYSTEM_UI,PACKAGE_READY,SystemUiFeatures,SystemStatusBarIconHooks.HideIconsBattery1Hook(lpparam),"prefs.getBoolean(""system_statusbaricons_battery1"")",com.android.systemui,miui.systemui.plugin (ClassLoader extracted at runtime)
111,hide_icons_battery2,Hide Icons Battery2,system_statusbaricons_battery3,SYSTEM_UI,PACKAGE_READY,SystemUiFeatures,SystemStatusBarIconHooks.HideIconsBattery2Hook(lpparam),"prefs.getBoolean(""system_statusbaricons_battery3"") ||",com.android.systemui,miui.systemui.plugin (ClassLoader extracted at runtime)
112,display_wifi_standard,Display WiFi Standard,system_statusbaricons_wifistandard,SYSTEM_UI,PACKAGE_READY,SystemUiFeatures,SystemStatusBarIconHooks.DisplayWifiStandardHook(lpparam),"prefs.getStringAsInt(""system_statusbaricons_wifistandard"", 1) > 1",com.android.systemui,miui.systemui.plugin (ClassLoader extracted at runtime)
113,hide_privacy_indicator,Hide Privacy Indicator,system_statusbaricons_privacy_prompt,SYSTEM_UI,PACKAGE_READY,SystemUiFeatures,SystemUIStatusBarHooks.HidePrivacyIndicatorHook(lpparam),"prefs.getBoolean(""system_statusbaricons_privacy_prompt"")",com.android.systemui,miui.systemui.plugin (ClassLoader extracted at runtime)
114,hide_icons_signal,Hide Icons Signal,system_statusbaricons_signal,SYSTEM_UI,PACKAGE_READY,SystemUiFeatures,SystemUIStatusBarHooks.HideIconsSignalHook(lpparam),"prefs.getBoolean(""system_statusbaricons_signal"") ||",com.android.systemui,miui.systemui.plugin (ClassLoader extracted at runtime)
115,hide_icons_vowifi,Hide Icons VoWiFi,system_statusbaricons_vowifi,SYSTEM_UI,PACKAGE_READY,SystemUiFeatures,SystemUIStatusBarHooks.HideIconsVoWiFiHook(lpparam),"prefs.getBoolean(""system_statusbaricons_vowifi"")",com.android.systemui,miui.systemui.plugin (ClassLoader extracted at runtime)
116,hide_icons_selective_alarm,Hide Icons Selective Alarm,system_statusbaricons_alarm,SYSTEM_UI,PACKAGE_READY,SystemUiFeatures,SystemStatusBarIconHooks.HideIconsSelectiveAlarmHook(lpparam),"!prefs.getBoolean(""system_statusbaricons_alarm"") &&",com.android.systemui,miui.systemui.plugin (ClassLoader extracted at runtime)
117,replace_shortcut_app,Replace Shortcut App,system_shortcut_app,SYSTEM_UI,PACKAGE_READY,SystemUiFeatures,SystemUILockScreenHooks.ReplaceShortcutAppHook(lpparam),"prefs.getString(""system_shortcut_app"", """").isNotEmpty() ||",com.android.systemui,miui.systemui.plugin (ClassLoader extracted at runtime)
118,qs_haptic,QS Haptic,system_qshaptics,SYSTEM_UI,PACKAGE_READY,SystemUiFeatures,SystemAudioHooks.QSHapticHook(lpparam),"prefs.getStringAsInt(""system_qshaptics"", 1) > 1",com.android.systemui,miui.systemui.plugin (ClassLoader extracted at runtime)
119,collapse_cc_after_click,Collapse CC After Click,system_cc_collapse_after_clicked,SYSTEM_UI,PACKAGE_READY,SystemUiFeatures,SystemUIControlCenterHooks.CollapseCCAfterClickHook(lpparam),"prefs.getBoolean(""system_cc_collapse_after_clicked"")",com.android.systemui,miui.systemui.plugin (ClassLoader extracted at runtime)
120,long_click_tile_open_in_free_form,Long Click Tile Open In Free Form,system_cc_freeform_when_longclick,SYSTEM_UI,PACKAGE_READY,SystemUiFeatures,SystemUIControlCenterHooks.LongClickTileOpenInFreeFormHook(lpparam),"prefs.getBoolean(""system_cc_freeform_when_longclick"")",com.android.systemui,miui.systemui.plugin (ClassLoader extracted at runtime)
121,switch_cc_and_notification,Switch CC And Notification,system_cc_switch_qsandnotification,SYSTEM_UI,PACKAGE_READY,SystemUiFeatures,SystemUIControlCenterHooks.SwitchCCAndNotificationHook(lpparam),"prefs.getBoolean(""system_cc_switch_qsandnotification"")",com.android.systemui,miui.systemui.plugin (ClassLoader extracted at runtime)
122,expand_notifications,Expand Notifications,system_expandnotifs,SYSTEM_UI,PACKAGE_READY,SystemUiFeatures,SystemNotificationHooks.ExpandNotificationsHook(lpparam),"prefs.getStringAsInt(""system_expandnotifs"", 1) > 1",com.android.systemui,miui.systemui.plugin (ClassLoader extracted at runtime)
123,hide_mobile_network_indicator,Hide Mobile Network Indicator,system_mobiletypeicon,SYSTEM_UI,PACKAGE_READY,SystemUiFeatures,SystemUIStatusBarHooks.HideMobileNetworkIndicatorHook(lpparam),"prefs.getStringAsInt(""system_mobiletypeicon"", 1) > 1 ||",com.android.systemui,miui.systemui.plugin (ClassLoader extracted at runtime)
124,extended_power_menu,Extended Power Menu,system_epm,SYSTEM_UI,PACKAGE_READY,SystemUiFeatures,SystemUI.ExtendedPowerMenuHook(lpparam),"prefs.getBoolean(""system_epm"")",com.android.systemui,miui.systemui.plugin (ClassLoader extracted at runtime)
125,hide_icons,Hide Icons,system_statusbaricons_wifi,SYSTEM_UI,PACKAGE_READY,SystemUiFeatures,SystemUIStatusBarHooks.HideIconsHook(lpparam),"prefs.getBoolean(""system_statusbaricons_wifi"") ||",com.android.systemui,miui.systemui.plugin (ClassLoader extracted at runtime)
126,hide_icons_from_system_manager,Hide Icons From System Manager,system_statusbaricons_privacy,SYSTEM_UI,PACKAGE_READY,SystemUiFeatures,SystemUIStatusBarHooks.HideIconsFromSystemManager(lpparam),"prefs.getBoolean(""system_statusbaricons_privacy"") ||",com.android.systemui,miui.systemui.plugin (ClassLoader extracted at runtime)
127,betterpopups_allow_float,Better Popups Allow Float,system_betterpopups_allowfloat,SYSTEM_UI,PACKAGE_READY,SystemUiFeatures,SystemWindowHooks.BetterPopupsAllowFloatHook(lpparam),"prefs.getBoolean(""system_betterpopups_allowfloat"")",com.android.systemui,miui.systemui.plugin (ClassLoader extracted at runtime)
128,auto_dismiss_expanded_popups,Auto Dismiss Expanded Popups,system_betterpopups_autoclose_expanded,SYSTEM_UI,PACKAGE_READY,SystemUiFeatures,SystemNotificationHooks.AutoDismissExpandedPopupsHook(lpparam),"prefs.getBoolean(""system_betterpopups_autoclose_expanded"")",com.android.systemui,miui.systemui.plugin (ClassLoader extracted at runtime)
129,disable_heads_up_when_mute,Disable Heads Up When Mute,system_betterpopups_disablewhenmute,SYSTEM_UI,PACKAGE_READY,SystemUiFeatures,SystemUINotificationHooks.DisableHeadsUpWhenMuteHook(lpparam),"prefs.getBoolean(""system_betterpopups_disablewhenmute"")",com.android.systemui,miui.systemui.plugin (ClassLoader extracted at runtime)
130,minimal_notification_view,Minimal Notification View,system_minimalnotifview,SYSTEM_UI,PACKAGE_READY,SystemUiFeatures,SystemNotificationHooks.MinimalNotificationViewHook(lpparam),"prefs.getBoolean(""system_minimalnotifview"")",com.android.systemui,miui.systemui.plugin (ClassLoader extracted at runtime)
131,notification_channel_settings,Notification Channel Settings,system_notifchannelsettings,SYSTEM_UI,PACKAGE_READY,SystemUiFeatures,SystemNotificationHooks.NotificationChannelSettingsHook(lpparam),"prefs.getBoolean(""system_notifchannelsettings"")",com.android.systemui,miui.systemui.plugin (ClassLoader extracted at runtime)
132,max_notification_icons,Max Notification Icons,system_maxsbicons,SYSTEM_UI,PACKAGE_READY,SystemUiFeatures,SystemNotificationHooks.MaxNotificationIconsHook(lpparam),"prefs.getStringAsInt(""system_maxsbicons"", 0) != 0",com.android.systemui,miui.systemui.plugin (ClassLoader extracted at runtime)
133,mobile_type_single,Mobile Type Single,system_statusbar_mobiletype_single,SYSTEM_UI,PACKAGE_READY,SystemUiFeatures,SystemUIStatusBarHooks.MobileTypeSingleHook(lpparam),"prefs.getBoolean(""system_statusbar_mobiletype_single"")",com.android.systemui,miui.systemui.plugin (ClassLoader extracted at runtime)
134,status_bar_digital_signal,Status Bar Digital Signal,system_statusbar_mobile_digital_signal,SYSTEM_UI,PACKAGE_READY,SystemUiFeatures,SystemUIStatusBarHooks.StatusBarDigitalSignalHook(lpparam),"prefs.getBoolean(""system_statusbar_mobile_digital_signal"")",com.android.systemui,miui.systemui.plugin (ClassLoader extracted at runtime)
135,dual_row_signal,Dual Row Signal,system_statusbar_dualsimin2rows,SYSTEM_UI,PACKAGE_READY,SystemUiFeatures,SystemUIStatusBarHooks.DualRowSignalHook(lpparam),"!prefs.getBoolean(""system_statusbar_mobile_digital_signal"") &&",com.android.systemui,miui.systemui.plugin (ClassLoader extracted at runtime)
136,dual_rows_statusbar,Dual Rows Statusbar,system_statusbar_dualrows,SYSTEM_UI,PACKAGE_READY,SystemUiFeatures,SystemUIStatusBarHooks.DualRowsStatusbarHook(lpparam),"prefs.getBoolean(""system_statusbar_dualrows"")",com.android.systemui,miui.systemui.plugin (ClassLoader extracted at runtime)
137,colorize_notification_card,Colorize Notification Card,system_colorizenotifs,SYSTEM_UI,PACKAGE_READY,SystemUiFeatures,SystemColorizeNotificationHooks.ColorizeNotificationCardHook(lpparam),"prefs.getStringAsInt(""system_colorizenotifs"", 1) > 1",com.android.systemui,miui.systemui.plugin (ClassLoader extracted at runtime)
138,open_notify_in_floating_window,Open Notify In Floating Window,system_notify_openinfw,SYSTEM_UI,PACKAGE_READY,SystemUiFeatures,SystemUINotificationHooks.OpenNotifyInFloatingWindowHook(lpparam),"prefs.getBoolean(""system_notify_openinfw"")",com.android.systemui,miui.systemui.plugin (ClassLoader extracted at runtime)
139,disable_side_bar_suggestion,Disable Side Bar Suggestion,system_fw_noblacklist,SYSTEM_UI,PACKAGE_READY,SystemUiFeatures,SystemWindowHooks.DisableSideBarSuggestionHook(lpparam),"prefs.getBoolean(""system_fw_noblacklist"")",com.android.systemui,miui.systemui.plugin (ClassLoader extracted at runtime)
140,hide_safe_volume_dlg,Hide Safe Volume Dlg,system_nosafevolume,SYSTEM_UI,PACKAGE_READY,SystemUiFeatures,SystemUIControlCenterHooks.HideSafeVolumeDlgHook(lpparam),"prefs.getBoolean(""system_nosafevolume"")",com.android.systemui,miui.systemui.plugin (ClassLoader extracted at runtime)
141,hide_lockscreen_zen_mode,Hide Lockscreen Zen Mode,system_lockscreen_hidezenmode,SYSTEM_UI,PACKAGE_READY,SystemUiFeatures,SystemUILockScreenHooks.HideLockscreenZenModeHook(lpparam),"prefs.getBoolean(""system_lockscreen_hidezenmode"")",com.android.systemui,miui.systemui.plugin (ClassLoader extracted at runtime)
142,disable_keyguard_editor,Disable Keyguard Editor,system_lockscreen_disable_edit,SYSTEM_UI,PACKAGE_READY,SystemUiFeatures,SystemUILockScreenHooks.DisableKeyguardEditorHook(lpparam),"prefs.getBoolean(""system_lockscreen_disable_edit"")",com.android.systemui,miui.systemui.plugin (ClassLoader extracted at runtime)
143,no_password,No Password,system_nopassword,SYSTEM_UI,PACKAGE_READY,SystemUiFeatures,SystemLockScreenHooks.NoPasswordHook(lpparam),"prefs.getBoolean(""system_nopassword"")",com.android.systemui,miui.systemui.plugin (ClassLoader extracted at runtime)
144,notification_importance,Notification Importance,system_notifimportance,SYSTEM_UI,PACKAGE_READY,SystemUiFeatures,SystemUINotificationHooks.NotificationImportanceHook(lpparam),"prefs.getBoolean(""system_notifimportance"")",com.android.systemui,miui.systemui.plugin (ClassLoader extracted at runtime)
145,no_light_up_on_charge_system_ui,No Light Up On Charge System UI,system_nolightuponcharges,SYSTEM_UI,PACKAGE_READY,SystemUiFeatures,SystemUI.NoLightUpOnChargeHook(lpparam),"prefs.getStringAsInt(""system_nolightuponcharges"", 1) > 1",com.android.systemui,miui.systemui.plugin (ClassLoader extracted at runtime)
146,status_bar_height,Status Bar Height,system_statusbarheight,ANY,PACKAGE_READY,CommonPackageFeatures (MainModule),ModsSystem.StatusBarHeightHook(lpparam),"prefs.getInt(""system_statusbarheight"", 11) > 11",any scoped package where hasEnabledFeature() is true,
147,alarm_compat,Alarm Compat,various_alarmcompat,ANY,PACKAGE_READY,CommonPackageFeatures (MainModule),Various.AlarmCompatHook(),"prefs.getBoolean(""various_alarmcompat"") && prefs.getStringSet(""various_alarmcompat_apps"").contains(packageName)",any scoped package where hasEnabledFeature() is true,
148,launcher_folder_columns_res,Launcher Folder Columns Res,launcher_folder_cols,LAUNCHER,PACKAGE_READY,LauncherPackageReadyFeatures,"LauncherFolderHooks.FolderColumnsRes(mPrefs.getInt(""launcher_folder_cols"", 1))","prefs.getInt(""launcher_folder_cols"", 1) > 1",com.miui.home,third-party launchers (unless selected app sets)
149,launcher_horizontal_spacing,Launcher Horizontal Spacing,launcher_horizmargin,LAUNCHER,PACKAGE_READY,LauncherPackageReadyFeatures,LauncherLayoutHooks.HorizontalSpacingRes(),"prefs.getInt(""launcher_horizmargin"", 0) > 0",com.miui.home,third-party launchers (unless selected app sets)
150,launcher_indicator_height,Launcher Indicator Height,launcher_indicatorheight,LAUNCHER,PACKAGE_READY,LauncherPackageReadyFeatures,LauncherLayoutHooks.IndicatorHeightRes(),"prefs.getInt(""launcher_indicatorheight"", 9) > 9",com.miui.home,third-party launchers (unless selected app sets)
151,launcher_indicator_margin_top,Launcher Indicator Margin Top,launcher_indicator_topmargin,LAUNCHER,PACKAGE_READY,LauncherPackageReadyFeatures,LauncherLayoutHooks.IndicatorMarginTopHook(lpparam),"prefs.getInt(""launcher_indicator_topmargin"", 0) > 0",com.miui.home,third-party launchers (unless selected app sets)
152,launcher_unlock_grids,Launcher Unlock Grids,launcher_unlockgrids,LAUNCHER,PACKAGE_READY,LauncherPackageReadyFeatures,(default base install),"prefs.getBoolean(""launcher_unlockgrids"")",com.miui.home,third-party launchers (unless selected app sets)
153,launcher_dock_titles,Launcher Dock Titles,launcher_docktitles,LAUNCHER,PACKAGE_READY,LauncherPackageReadyFeatures,LauncherIconHooks.ShowHotseatTitlesHook(lpparam),"prefs.getBoolean(""launcher_docktitles"")",com.miui.home,third-party launchers (unless selected app sets)
154,launcher_disable_log,Launcher Disable Log,launcher_disable_log,LAUNCHER,PACKAGE_READY,LauncherPackageReadyFeatures,Launcher.DisableLauncherLogHook(lpparam),"prefs.getBoolean(""launcher_disable_log"")",com.miui.home,third-party launchers (unless selected app sets)
155,launcher_workspace_cell_padding_top,Launcher Workspace Cell Padding Top,launcher_topmargin,LAUNCHER,PACKAGE_READY,LauncherPackageReadyFeatures,LauncherLayoutHooks.WorkspaceCellPaddingTopHook(lpparam),"prefs.getInt(""launcher_topmargin"", 0) > 0",com.miui.home,third-party launchers (unless selected app sets)
156,launcher_dock_margin_top,Launcher Dock Margin Top,launcher_dock_topmargin,LAUNCHER,PACKAGE_READY,LauncherPackageReadyFeatures,LauncherLayoutHooks.DockMarginTopHook(lpparam),"prefs.getInt(""launcher_dock_topmargin"", 0) > 0",com.miui.home,third-party launchers (unless selected app sets)
157,launcher_dock_margin_bottom,Launcher Dock Margin Bottom,launcher_dock_bottommargin,LAUNCHER,PACKAGE_READY,LauncherPackageReadyFeatures,LauncherLayoutHooks.DockMarginBottomHook(lpparam),"prefs.getInt(""launcher_dock_bottommargin"", 0) > 0",com.miui.home,third-party launchers (unless selected app sets)
158,launcher_dock_height,Launcher Dock Height,launcher_dock_height,LAUNCHER,PACKAGE_READY,LauncherPackageReadyFeatures,LauncherLayoutHooks.DockHeightHook(lpparam),"prefs.getInt(""launcher_dock_height"", 60) > 60",com.miui.home,third-party launchers (unless selected app sets)
159,launcher_privacy_apps_gest,Launcher Privacy Apps Gest,launcher_privacyapps_gest,LAUNCHER,PACKAGE_READY,LauncherPackageReadyFeatures,Launcher.setupLauncher(lpparam),"prefs.getBoolean(""launcher_privacyapps_gest"")",com.miui.home,third-party launchers (unless selected app sets)
160,launcher_homescreen_swipes,Launcher Homescreen Swipes,launcher_swipedown_action,LAUNCHER,APPLICATION_ATTACHED,LauncherPostAttachFeatures,LauncherGestureHooks.HomescreenSwipesHook(lpparam),"prefs.getInt(""launcher_swipedown_action"", 1) != 1 || prefs.getInt(""launcher_swipeup_action"", 1) != 1 || prefs.getInt(""launcher_swipedown2_action"", 1) != 1 || prefs.getInt(""launcher_swipeup2_action"", 1) != 1",com.miui.home,third-party launchers (unless selected app sets)
161,launcher_hot_seat_swipes,Launcher Hot Seat Swipes,launcher_swipeleft_action,LAUNCHER,APPLICATION_ATTACHED,LauncherPostAttachFeatures,LauncherGestureHooks.HotSeatSwipesHook(lpparam),"prefs.getInt(""launcher_swipeleft_action"", 1) != 1 || prefs.getInt(""launcher_swiperight_action"", 1) != 1",com.miui.home,third-party launchers (unless selected app sets)
162,launcher_shake,Launcher Shake,launcher_shake_action,LAUNCHER,APPLICATION_ATTACHED,LauncherPostAttachFeatures,LauncherGestureHooks.ShakeHook(lpparam),"prefs.getInt(""launcher_shake_action"", 1) != 1",com.miui.home,third-party launchers (unless selected app sets)
163,launcher_double_tap,Launcher Double Tap,launcher_doubletap_action,LAUNCHER,APPLICATION_ATTACHED,LauncherPostAttachFeatures,LauncherGestureHooks.LauncherDoubleTapHook(lpparam),"prefs.getInt(""launcher_doubletap_action"", 1) != 1",com.miui.home,third-party launchers (unless selected app sets)
164,launcher_pinch,Launcher Pinch,launcher_pinch_action,LAUNCHER,APPLICATION_ATTACHED,LauncherPostAttachFeatures,LauncherGestureHooks.LauncherPinchHook(lpparam),"prefs.getInt(""launcher_pinch_action"", 1) != 1",com.miui.home,third-party launchers (unless selected app sets)
165,launcher_folder_columns,Launcher Folder Columns,launcher_folder_cols,LAUNCHER,APPLICATION_ATTACHED,LauncherPostAttachFeatures,LauncherFolderHooks.FolderColumnsHook(lpparam),"prefs.getInt(""launcher_folder_cols"", 1) > 1",com.miui.home,third-party launchers (unless selected app sets)
166,launcher_icon_scale,Launcher Icon Scale,launcher_iconscale,LAUNCHER,APPLICATION_ATTACHED,LauncherPostAttachFeatures,LauncherIconHooks.IconScaleHook(lpparam),"prefs.getInt(""launcher_iconscale"", 45) > 45",com.miui.home,third-party launchers (unless selected app sets)
167,launcher_title_font_size,Launcher Title Font Size,launcher_titlefontsize,LAUNCHER,APPLICATION_ATTACHED,LauncherPostAttachFeatures,LauncherIconHooks.TitleFontSizeHook(lpparam),"prefs.getInt(""launcher_titlefontsize"", 5) > 5",com.miui.home,third-party launchers (unless selected app sets)
168,launcher_title_top_margin,Launcher Title Top Margin,launcher_titletopmargin,LAUNCHER,APPLICATION_ATTACHED,LauncherPostAttachFeatures,LauncherIconHooks.TitleTopMarginHook(lpparam),"prefs.getInt(""launcher_titletopmargin"", 0) > 0",com.miui.home,third-party launchers (unless selected app sets)
169,launcher_no_clock_hide,Launcher No Clock Hide,launcher_noclockhide,LAUNCHER,APPLICATION_ATTACHED,LauncherPostAttachFeatures,LauncherIconHooks.NoClockHideHook(lpparam),"prefs.getBoolean(""launcher_noclockhide"")",com.miui.home,third-party launchers (unless selected app sets)
170,launcher_rename_shortcuts,Launcher Rename Shortcuts,launcher_renameapps,LAUNCHER,APPLICATION_ATTACHED,LauncherPostAttachFeatures,LauncherIconHooks.RenameShortcutsHook(lpparam),"prefs.getBoolean(""launcher_renameapps"")",com.miui.home,third-party launchers (unless selected app sets)
171,launcher_title_shadow,Launcher Title Shadow,launcher_darkershadow,LAUNCHER,APPLICATION_ATTACHED,LauncherPostAttachFeatures,LauncherIconHooks.TitleShadowHook(lpparam),"prefs.getBoolean(""launcher_darkershadow"")",com.miui.home,third-party launchers (unless selected app sets)
172,launcher_hide_nav_bar,Launcher Hide Nav Bar,controls_nonavbar,LAUNCHER,APPLICATION_ATTACHED,LauncherPostAttachFeatures,Launcher.HideNavBarHook(lpparam),"prefs.getBoolean(""controls_nonavbar"")",com.miui.home,third-party launchers (unless selected app sets)
173,launcher_infinite_scroll,Launcher Infinite Scroll,launcher_infinitescroll,LAUNCHER,APPLICATION_ATTACHED,LauncherPostAttachFeatures,LauncherLayoutHooks.InfiniteScrollHook(lpparam),"prefs.getBoolean(""launcher_infinitescroll"")",com.miui.home,third-party launchers (unless selected app sets)
174,launcher_hide_titles,Launcher Hide Titles,launcher_hidetitles,LAUNCHER,APPLICATION_ATTACHED,LauncherPostAttachFeatures,LauncherIconHooks.HideTitlesHook(lpparam),"prefs.getBoolean(""launcher_hidetitles"")",com.miui.home,third-party launchers (unless selected app sets)
175,launcher_fix_app_info_launch,Launcher Fix App Info Launch,launcher_fixlaunch,LAUNCHER,APPLICATION_ATTACHED,LauncherPostAttachFeatures,Launcher.FixAppInfoLaunchHook(lpparam),"prefs.getBoolean(""launcher_fixlaunch"")",com.miui.home,third-party launchers (unless selected app sets)
176,launcher_no_widget_only,Launcher No Widget Only,launcher_nowidgetonly,LAUNCHER,APPLICATION_ATTACHED,LauncherPostAttachFeatures,LauncherLayoutHooks.NoWidgetOnlyHook(lpparam),"prefs.getBoolean(""launcher_nowidgetonly"")",com.miui.home,third-party launchers (unless selected app sets)
177,launcher_reverse_portrait,Launcher Reverse Portrait,launcher_sensorportrait,LAUNCHER,APPLICATION_ATTACHED,LauncherPostAttachFeatures,Launcher.ReverseLauncherPortraitHook(lpparam),"prefs.getBoolean(""launcher_sensorportrait"")",com.miui.home,third-party launchers (unless selected app sets)
178,launcher_max_hotseat_icons,Launcher Max Hotseat Icons,launcher_unlockhotseat,LAUNCHER,APPLICATION_ATTACHED,LauncherPostAttachFeatures,LauncherLayoutHooks.MaxHotseatIconsCountHook(lpparam),"prefs.getBoolean(""launcher_unlockhotseat"")",com.miui.home,third-party launchers (unless selected app sets)
179,launcher_close_folder_on_launch,Launcher Close Folder On Launch,launcher_closefolders,LAUNCHER,APPLICATION_ATTACHED,LauncherPostAttachFeatures,LauncherFolderHooks.CloseFolderOnLaunchHook(lpparam),"prefs.getStringAsInt(""launcher_closefolders"", 1) > 1",com.miui.home,third-party launchers (unless selected app sets)
180,launcher_recents_blur,Launcher Recents Blur,system_recents_blur,LAUNCHER,APPLICATION_ATTACHED,LauncherPostAttachFeatures,Launcher.RecentsBlurRatioHook(lpparam),"prefs.getInt(""system_recents_blur"", 100) < 100",com.miui.home,third-party launchers (unless selected app sets)
181,launcher_back_gesture_area_height,Launcher Back Gesture Area Height,controls_fsg_coverage,LAUNCHER,APPLICATION_ATTACHED,LauncherPostAttachFeatures,Controls.BackGestureAreaHeightHook(lpparam),"prefs.getInt(""controls_fsg_coverage"", 60) != 60",com.miui.home,third-party launchers (unless selected app sets)
182,launcher_back_gesture_area_width,Launcher Back Gesture Area Width,controls_fsg_width,LAUNCHER,APPLICATION_ATTACHED,LauncherPostAttachFeatures,Controls.BackGestureAreaWidthHook(lpparam),"prefs.getInt(""controls_fsg_width"", 100) > 100",com.miui.home,third-party launchers (unless selected app sets)
183,launcher_fsgestures,Launcher Fsgestures,controls_fsg_horiz,LAUNCHER,APPLICATION_ATTACHED,LauncherPostAttachFeatures,LauncherGestureHooks.FSGesturesHook(lpparam),"prefs.getBoolean(""controls_fsg_horiz"")",com.miui.home,third-party launchers (unless selected app sets)
184,launcher_hide_memory_clean,Launcher Hide Memory Clean,system_removecleaner,LAUNCHER,APPLICATION_ATTACHED,LauncherPostAttachFeatures,"ModsSystem.HideMemoryCleanHook(lpparam, true)","prefs.getBoolean(""system_removecleaner"")",com.miui.home,third-party launchers (unless selected app sets)
185,launcher_disable_wallpaper_scale,Launcher Disable Wallpaper Scale,system_recents_disable_wallpaperscale,LAUNCHER,APPLICATION_ATTACHED,LauncherPostAttachFeatures,LauncherAnimationHooks.DisableLauncherWallpaperScale(lpparam),"prefs.getBoolean(""system_recents_disable_wallpaperscale"") || prefs.getBoolean(""launcher_disable_wallpaperscale"")",com.miui.home,third-party launchers (unless selected app sets)
186,launcher_hide_status_bar_in_recents,Launcher Hide Status Bar In Recents,system_recents_hide_statusbar,LAUNCHER,APPLICATION_ATTACHED,LauncherPostAttachFeatures,Launcher.HideStatusBarInRecentsHook(lpparam),"prefs.getBoolean(""system_recents_hide_statusbar"")",com.miui.home,third-party launchers (unless selected app sets)
187,launcher_multi_window_plus,Launcher Multi Window Plus,system_fw_splitscreen,LAUNCHER,APPLICATION_ATTACHED,LauncherPostAttachFeatures,SystemWindowHooks.MultiWindowPlusHook(lpparam),"prefs.getBoolean(""system_fw_splitscreen"")",com.miui.home,third-party launchers (unless selected app sets)
188,launcher_fix_anim,Launcher Fix Anim,launcher_fixanim,LAUNCHER,APPLICATION_ATTACHED,LauncherPostAttachFeatures,LauncherAnimationHooks.FixAnimHook(lpparam),"prefs.getBoolean(""launcher_fixanim"")",com.miui.home,third-party launchers (unless selected app sets)
189,launcher_hide_seek_points,Launcher Hide Seek Points,launcher_hideseekpoints,LAUNCHER,APPLICATION_ATTACHED,LauncherPostAttachFeatures,LauncherLayoutHooks.HideSeekPointsHook(lpparam),"prefs.getBoolean(""launcher_hideseekpoints"")",com.miui.home,third-party launchers (unless selected app sets)
190,launcher_privacy_folder,Launcher Privacy Folder,launcher_privacyapps_gest,LAUNCHER,APPLICATION_ATTACHED,LauncherPostAttachFeatures,LauncherFolderHooks.PrivacyFolderHook(lpparam),"prefs.getBoolean(""launcher_privacyapps_gest"") || prefs.getInt(""launcher_spread_action"", 1) != 1",com.miui.home,third-party launchers (unless selected app sets)
191,launcher_hide_from_recents,Launcher Hide From Recents,system_hidefromrecents,LAUNCHER,APPLICATION_ATTACHED,LauncherPostAttachFeatures,Launcher.HideFromRecentsHook(lpparam),"prefs.getBoolean(""system_hidefromrecents"")",com.miui.home,third-party launchers (unless selected app sets)
192,launcher_folder_blur,Launcher Folder Blur,launcher_folderblur_opacity,LAUNCHER,APPLICATION_ATTACHED,LauncherPostAttachFeatures,LauncherFolderHooks.FolderBlurHook(lpparam),"prefs.getInt(""launcher_folderblur_opacity"", 0) > 0",com.miui.home,third-party launchers (unless selected app sets)
193,launcher_no_unlock_animation,Launcher No Unlock Animation,launcher_nounlockanim,LAUNCHER,APPLICATION_ATTACHED,LauncherPostAttachFeatures,LauncherAnimationHooks.NoUnlockAnimationHook(lpparam),"prefs.getBoolean(""launcher_nounlockanim"")",com.miui.home,third-party launchers (unless selected app sets)
194,launcher_no_zoom_animation,Launcher No Zoom Animation,launcher_nozoomanim,LAUNCHER,APPLICATION_ATTACHED,LauncherPostAttachFeatures,LauncherAnimationHooks.NoZoomAnimationHook(lpparam),"prefs.getBoolean(""launcher_nozoomanim"")",com.miui.home,third-party launchers (unless selected app sets)
195,launcher_use_old_launch_animation,Launcher Use Old Launch Animation,launcher_oldlaunchanim,LAUNCHER,APPLICATION_ATTACHED,LauncherPostAttachFeatures,LauncherAnimationHooks.UseOldLaunchAnimationHook(lpparam),"prefs.getBoolean(""launcher_oldlaunchanim"")",com.miui.home,third-party launchers (unless selected app sets)
196,launcher_close_drawer_on_launch,Launcher Close Drawer On Launch,launcher_closedrawer,LAUNCHER,APPLICATION_ATTACHED,LauncherPostAttachFeatures,LauncherFolderHooks.CloseDrawerOnLaunchHook(lpparam),"prefs.getBoolean(""launcher_closedrawer"")",com.miui.home,third-party launchers (unless selected app sets)
197,launcher_horizontal_widget_spacing,Launcher Horizontal Widget Spacing,launcher_horizwidgetmargin,LAUNCHER,APPLICATION_ATTACHED,LauncherPostAttachFeatures,LauncherLayoutHooks.HorizontalWidgetSpacingHook(lpparam),"prefs.getInt(""launcher_horizwidgetmargin"", 0) > 0",com.miui.home,third-party launchers (unless selected app sets)
198,launcher_assist_gesture_action,Launcher Assist Gesture Action,controls_fsg_assist_left_action,LAUNCHER,APPLICATION_ATTACHED,LauncherPostAttachFeatures,LauncherGestureHooks.AssistGestureActionHook(lpparam),"prefs.getInt(""controls_fsg_assist_left_action"", 1) > 1 || prefs.getInt(""controls_fsg_assist_right_action"", 1) > 1",com.miui.home,third-party launchers (unless selected app sets)
199,launcher_swipe_and_stop_action,Launcher Swipe And Stop Action,controls_fsg_swipeandstop_action,LAUNCHER,APPLICATION_ATTACHED,LauncherPostAttachFeatures,LauncherGestureHooks.SwipeAndStopActionHook(lpparam),"prefs.getInt(""controls_fsg_swipeandstop_action"", 1) > 1",com.miui.home,third-party launchers (unless selected app sets)
200,launcher_close_on_launch,Launcher Close On Launch,launcher_closefolders,LAUNCHER,APPLICATION_ATTACHED,LauncherPostAttachFeatures,LauncherFolderHooks.CloseFolderOrDrawerOnLaunchShortcutMenuHook(lpparam),"prefs.getStringAsInt(""launcher_closefolders"", 1) > 1 || prefs.getBoolean(""launcher_closedrawer"")",com.miui.home,third-party launchers (unless selected app sets)
201,launcher_resizable_widgets,Launcher Resizable Widgets,system_resizablewidgets,LAUNCHER,APPLICATION_ATTACHED,LauncherPostAttachFeatures,LauncherLayoutHooks.ResizableWidgetsHook(lpparam),"prefs.getBoolean(""system_resizablewidgets"")",com.miui.home,third-party launchers (unless selected app sets)
202,launcher_wallpaper_color_mode,Launcher Wallpaper Color Mode,launcher_wallpaper_colormode,LAUNCHER,APPLICATION_ATTACHED,LauncherPostAttachFeatures,LauncherAnimationHooks.WallpaperColorModeHook(lpparam),"prefs.getStringAsInt(""launcher_wallpaper_colormode"", 1) > 1",com.miui.home,third-party launchers (unless selected app sets)
203,input_method_volume_cursor,Input Method Volume Cursor,controls_volumecursor,ANY,PACKAGE_READY,InputMethodFeatures,Controls.VolumeCursorHook(lpparam),"prefs.getBoolean(""controls_volumecursor"")",com.baidu.input; com.baidu.input_mi; com.iflytek.inputmethod; com.iflytek.inputmethod.miui; com.sohu.inputmethod.sogou; com.sohu.inputmethod.sogou.xiaomi; com.google.android.inputmethod*; com.touchtype.swiftkey; com.tencent.wetype,not in scope.list
204,input_method_fix_bottom_margin,Input Method Fix Bottom Margin,controls_nonavbar_fix_inputmethod,ANY,PACKAGE_READY,InputMethodFeatures,Various.FixInputMethodBottomMarginHook(lpparam),"prefs.getBoolean(""controls_nonavbar_fix_inputmethod"") && prefs.getBoolean(""controls_nonavbar"")",com.baidu.input; com.baidu.input_mi; com.iflytek.inputmethod; com.iflytek.inputmethod.miui; com.sohu.inputmethod.sogou; com.sohu.inputmethod.sogou.xiaomi; com.google.android.inputmethod*; com.touchtype.swiftkey; com.tencent.wetype,not in scope.list
205,input_method_gboard_padding,Input Method Gboard Padding,various_gboardpadding_port,ANY,PACKAGE_READY,InputMethodFeatures,Various.GboardPaddingHook(lpparam),"packageName.startsWith(""com.google.android.inputmethod"") && (prefs.getInt(""various_gboardpadding_port"", 0) > 0 || prefs.getInt(""various_gboardpadding_land"", 0) > 0)",com.baidu.input; com.baidu.input_mi; com.iflytek.inputmethod; com.iflytek.inputmethod.miui; com.sohu.inputmethod.sogou; com.sohu.inputmethod.sogou.xiaomi; com.google.android.inputmethod*; com.touchtype.swiftkey; com.tencent.wetype,not in scope.list
206,settings_miuizer_icon,Settings Miuizer Icon,miuizer_settingsiconpos,SYSTEM_PACKAGE,PACKAGE_READY,SettingsFeatures,GlobalActions.miuizerSettingsHook(lpparam),"prefs.getStringAsInt(""miuizer_settingsiconpos"", 1) > 0",com.android.settings,com.android.settings:remote
207,settings_disable_any_notification,Settings Disable Any Notification,system_disableanynotif,SYSTEM_PACKAGE,PACKAGE_READY,SettingsFeatures,(default base install),"prefs.getBoolean(""system_disableanynotif"")",com.android.settings,com.android.settings:remote
208,settings_notification_importance,Settings Notification Importance,system_notifimportance,SYSTEM_PACKAGE,PACKAGE_READY,SettingsFeatures,SystemNotificationHooks.NotificationImportanceHook(lpparam),"prefs.getBoolean(""system_notifimportance"")",com.android.settings,com.android.settings:remote
209,settings_view_wifi_password,Settings View Wifi Password,system_wifipassword,SYSTEM_PACKAGE,PACKAGE_READY,SettingsFeatures,ModsSystem.ViewWifiPasswordHook(lpparam),"prefs.getBoolean(""system_wifipassword"")",com.android.settings,com.android.settings:remote
210,security_center_app_info,Security Center App Info,various_appdetails,SYSTEM_PACKAGE,PACKAGE_READY,SecurityCenterFeatures,Various.AppInfoHook(lpparam),"prefs.getBoolean(""various_appdetails"")",com.miui.securitycenter,com.miui.securitycenter.bootaware
211,security_center_apps_disable,Security Center Apps Disable,various_disableapp,SYSTEM_PACKAGE,PACKAGE_READY,SecurityCenterFeatures,Various.AppsDisableHook(lpparam),"prefs.getBoolean(""various_disableapp"")",com.miui.securitycenter,com.miui.securitycenter.bootaware
212,security_center_apps_restrict,Security Center Apps Restrict,various_restrictapp,SYSTEM_PACKAGE,PACKAGE_READY,SecurityCenterFeatures,Various.AppsRestrictHook(lpparam),"prefs.getBoolean(""various_restrictapp"")",com.miui.securitycenter,com.miui.securitycenter.bootaware
213,security_center_hide_report_button,Security Center Hide Report Button,various_hide_report_ondetails,SYSTEM_PACKAGE,PACKAGE_READY,SecurityCenterFeatures,Various.HideReportButtonHook(lpparam),"prefs.getBoolean(""various_hide_report_ondetails"")",com.miui.securitycenter,com.miui.securitycenter.bootaware
214,security_center_scramble_app_lock_pin,Security Center Scramble App Lock Pin,system_applock_scramblepin,SYSTEM_PACKAGE,PACKAGE_READY,SecurityCenterFeatures,SystemLockScreenHooks.ScrambleAppLockPINHook(lpparam),"prefs.getBoolean(""system_applock_scramblepin"")",com.miui.securitycenter,com.miui.securitycenter.bootaware
215,security_center_apps_default_sort,Security Center Apps Default Sort,various_appsort,SYSTEM_PACKAGE,PACKAGE_READY,SecurityCenterFeatures,Various.AppsDefaultSortHook(lpparam),"prefs.getStringAsInt(""various_appsort"", 1) > 1",com.miui.securitycenter,com.miui.securitycenter.bootaware
216,security_center_intercept_perm,Security Center Intercept Perm,various_skip_interceptperm,SYSTEM_PACKAGE,PACKAGE_READY,SecurityCenterFeatures,Various.InterceptPermHook(lpparam),"prefs.getBoolean(""various_skip_interceptperm"")",com.miui.securitycenter,com.miui.securitycenter.bootaware
217,security_center_open_by_default,Security Center Open By Default,various_replace_defaultopen_with_openbydefault,SYSTEM_PACKAGE,PACKAGE_READY,SecurityCenterFeatures,Various.OpenByDefaultHook(lpparam),"prefs.getBoolean(""various_replace_defaultopen_with_openbydefault"")",com.miui.securitycenter,com.miui.securitycenter.bootaware
218,security_center_skip_security_scan,Security Center Skip Security Scan,various_skip_securityscan,SYSTEM_PACKAGE,PACKAGE_READY,SecurityCenterFeatures,Various.SkipSecurityScanHook(lpparam),"prefs.getBoolean(""various_skip_securityscan"")",com.miui.securitycenter,com.miui.securitycenter.bootaware
219,security_center_show_temp_in_battery,Security Center Show Temp In Battery,various_show_battery_temperature,SYSTEM_PACKAGE,PACKAGE_READY,SecurityCenterFeatures,Various.ShowTempInBatteryHook(lpparam),"prefs.getBoolean(""various_show_battery_temperature"")",com.miui.securitycenter,com.miui.securitycenter.bootaware
220,security_center_disable_side_bar_suggestion,Security Center Disable Side Bar Suggestion,various_disable_freeform_suggest_blacklist,SYSTEM_PACKAGE,PACKAGE_READY,SecurityCenterFeatures,SystemWindowHooks.DisableSideBarSuggestionHook(lpparam),"prefs.getBoolean(""various_disable_freeform_suggest_blacklist"")",com.miui.securitycenter,com.miui.securitycenter.bootaware
221,security_center_disable_dock_suggest,Security Center Disable Dock Suggest,various_disable_dock_suggest,SYSTEM_PACKAGE,PACKAGE_READY,SecurityCenterFeatures,Various.DisableDockSuggestHook(lpparam),"prefs.getBoolean(""various_disable_dock_suggest"")",com.miui.securitycenter,com.miui.securitycenter.bootaware
222,security_center_add_side_bar_expand_receiver,Security Center Add Side Bar Expand Receiver,various_enable_expand_sidebar,SYSTEM_PACKAGE,PACKAGE_READY,SecurityCenterFeatures,Various.AddSideBarExpandReceiverHook(lpparam),"HookDiagnostics.currentProcessName == ""com.miui.securitycenter:ui"" && prefs.getBoolean(""various_enable_expand_sidebar"")",com.miui.securitycenter,com.miui.securitycenter.bootaware
223,security_center_no_low_battery_warning,Security Center No Low Battery Warning,system_hidelowbatwarn,SYSTEM_PACKAGE,PACKAGE_READY,SecurityCenterFeatures,Various.NoLowBatteryWarningHook(),"prefs.getBoolean(""system_hidelowbatwarn"")",com.miui.securitycenter,com.miui.securitycenter.bootaware
224,security_center_privacy_apps_layout,Security Center Privacy Apps Layout,various_privacyapps_column_nums4,SYSTEM_PACKAGE,PACKAGE_READY,SecurityCenterFeatures,Various.PrivacyAppsLayoutHook(lpparam),"prefs.getBoolean(""various_privacyapps_column_nums4"")",com.miui.securitycenter,com.miui.securitycenter.bootaware
225,security_center_persist_privacy_thumbnail_blur,Security Center Persist Privacy Thumbnail Blur,various_disable_reset_recents_privacy_blur,SYSTEM_PACKAGE,PACKAGE_READY,SecurityCenterFeatures,Various.PersistPrivacyThumbnailBlur(lpparam),"prefs.getBoolean(""various_disable_reset_recents_privacy_blur"")",com.miui.securitycenter,com.miui.securitycenter.bootaware
226,phone_show_call_ui,Phone Show Call Ui,various_showcallui,SYSTEM_PACKAGE,PACKAGE_READY,PhoneFeatures,Various.ShowCallUIHook(lpparam),"prefs.getStringAsInt(""various_showcallui"", 0) > 0",com.android.incallui,
227,phone_in_call_brightness,Phone In Call Brightness,various_calluibright,SYSTEM_PACKAGE,PACKAGE_READY,PhoneFeatures,Various.InCallBrightnessHook(lpparam),"prefs.getBoolean(""various_calluibright"")",com.android.incallui,
228,phone_answer_call_in_head_up,Phone Answer Call In Head Up,various_answerinheadup,SYSTEM_PACKAGE,PACKAGE_READY,PhoneFeatures,Various.AnswerCallInHeadUpHook(lpparam),"prefs.getBoolean(""various_answerinheadup"")",com.android.incallui,
229,power_keeper_apps_restrict,Power Keeper Apps Restrict,various_restrictapp,SYSTEM_PACKAGE,PACKAGE_READY,PowerKeeperFeatures,Various.AppsRestrictPowerHook(lpparam),"prefs.getBoolean(""various_restrictapp"")",com.miui.powerkeeper,
230,power_keeper_persist_battery_optimization,Power Keeper Persist Battery Optimization,various_persist_batteryoptimization,SYSTEM_PACKAGE,PACKAGE_READY,PowerKeeperFeatures,Various.PersistBatteryOptimizationHook(lpparam),"prefs.getBoolean(""various_persist_batteryoptimization"")",com.miui.powerkeeper,
231,guard_provider_disable_defraud_apps,Guard Provider Disable Defraud Apps,various_disable_defraud_apps_detect,SYSTEM_PACKAGE,PACKAGE_READY,GuardProviderFeatures,(default base install),"prefs.getBoolean(""various_disable_defraud_apps_detect"")",com.miui.guardprovider,
232,package_installer_miui_package,Package Installer Miui Package,various_miuiinstaller,SYSTEM_PACKAGE,PACKAGE_READY,PackageInstallerFeatures,Various.MiuiPackageInstallerHook(lpparam),"prefs.getBoolean(""various_miuiinstaller"")",com.miui.packageinstaller; com.android.packageinstaller,
233,package_installer_app_info,Package Installer App Info,various_installappinfo,SYSTEM_PACKAGE,PACKAGE_READY,PackageInstallerFeatures,Various.AppInfoDuringMiuiInstallHook(lpparam),"prefs.getBoolean(""various_installappinfo"")",com.miui.packageinstaller; com.android.packageinstaller,
234,package_installer_purify,Package Installer Purify,various_installer_purify,SYSTEM_PACKAGE,PACKAGE_READY,PackageInstallerFeatures,Various.PurePackageInstallerHook(lpparam),"prefs.getBoolean(""various_installer_purify"")",com.miui.packageinstaller; com.android.packageinstaller,
235,media_disable_unlock_wallpaper_scale,Media Disable Unlock Wallpaper Scale,launcher_disable_wallpaperscale,SYSTEM_PACKAGE,PACKAGE_READY,MediaFeatures,LauncherAnimationHooks.DisableUnlockWallpaperScale(lpparam),"packageName == ""com.miui.miwallpaper"" && prefs.getBoolean(""launcher_disable_wallpaperscale"")",android,
236,media_screenshot_config,Media Screenshot Config,system_screenshot,SYSTEM_PACKAGE,PACKAGE_READY,MediaFeatures,(default base install),"packageName == ""com.miui.screenshot"" && prefs.getBoolean(""system_screenshot"")",android,
237,media_gallery_screenshot_path,Media Gallery Screenshot Path,system_gallery_screenshots_path,SYSTEM_PACKAGE,PACKAGE_READY,MediaFeatures,ModsSystem.GalleryScreenshotPathHook(lpparam),"packageName == ""com.miui.gallery"" && prefs.getStringAsInt(""system_gallery_screenshots_path"", 1) > 1",android,
238,android_clean_share_menu,Android Clean Share Menu,system_cleanshare,SYSTEM_PACKAGE,PACKAGE_READY,AndroidPackageFeatures,SystemShareMenuHooks.CleanShareMenuHook(lpparam),"prefs.getBoolean(""system_cleanshare"")",android,
239,android_clean_open_with_menu,Android Clean Open With Menu,system_cleanopenwith,SYSTEM_PACKAGE,PACKAGE_READY,AndroidPackageFeatures,SystemShareMenuHooks.CleanOpenWithMenuHook(lpparam),"prefs.getBoolean(""system_cleanopenwith"")",android,
240,android_all_rotations,Android All Rotations,system_allrotations2,SYSTEM_PACKAGE,PACKAGE_READY,AndroidPackageFeatures,(default base install),"prefs.getStringAsInt(""system_allrotations2"", 1) > 1",android,
241,launcher_post_attach,Launcher Post Attach,null,LAUNCHER,APPLICATION_ATTACHED,GenericAppFeatures,"LauncherInstaller.handleLoadLauncher(lpparam, mPrefs)","packageName == ""com.miui.home""",com.miui.home,third-party launchers (unless selected app sets)
242,generic_app_status_bar_background,Generic App Status Bar Background,system_statusbarcolor,ANY,APPLICATION_ATTACHED,GenericAppFeatures,(default base install),"prefs.getBoolean(""system_statusbarcolor"") && prefs.getStringSet(""system_statusbarcolor_apps"").contains(packageName)",com.miui.home + selected packages,
243,generic_app_no_overscroll,Generic App No Overscroll,system_nooverscroll,ANY,APPLICATION_ATTACHED,GenericAppFeatures,SystemWindowHooks.NoOverscrollAppHook(lpparam),"prefs.getBoolean(""system_nooverscroll"") && prefs.getStringSet(""system_nooverscroll_apps"").contains(packageName)",com.miui.home + selected packages,
244,generic_app_volume_media_player,Generic App Volume Media Player,controls_volumemedia_up,ANY,APPLICATION_ATTACHED,GenericAppFeatures,Controls.VolumeMediaPlayerHook(lpparam),"(prefs.getStringAsInt(""controls_volumemedia_up"", 0) > 0 || prefs.getStringAsInt(""controls_volumemedia_down"", 0) > 0) && prefs.getStringSet(""controls_mediaplayer_apps"").contains(packageName)",com.miui.home + selected packages,
245,status_bar_height_insets,Status Bar Height Insets,system_statusbarheight,SYSTEM_SERVER,SYSTEM_SERVER_STARTING,SystemServerFeatures,SystemStatusBarInsetsHooks.StatusBarInsetsHeightHook(lpparam),StatusBarHeightConfig.isEnabled(prefs),system_server,
246,strong_toast_presentation,Strong Toast Presentation,system_strong_toast_mode,SYSTEM_UI,PACKAGE_READY,SystemUiFeatures,"SystemUIStrongToastHooks.install(lpparam, resolveMode(mPrefs), StatusBarHeightConfig.resolveHeightDp(mPrefs))",resolveMode(prefs) != StrongToastPresentationMode.SYSTEM_DEFAULT,com.android.systemui,miui.systemui.plugin (ClassLoader extracted at runtime)
